{
  "PowerParams": {
    "p0": 0.12325698598085157,
    "ps0": -0.09182076857413354,
    "ps1": 0.553176959178622,
    "pc0": 0.034883051204168666,
    "pc1": 1.3149111350758826,
    "gamma": 3.0,
    "pwifi": 0.058105949205768496,
    "p4g": 0.1967254708206298,
    "p5g": 0.34816913783875514,
    "pgps": 0.15963622782615447,
    "pbg0": 0.020153655185855768,
    "pbg1": 0.09140225132470027
  },
  "TempParams": {
    "T_ref": 16.798106433056283,
    "alpha_minus": 0.1000000001,
    "beta_minus": 0.1000000001,
    "alpha_plus": 0.029262893165506093,
    "beta_plus": 1.0000000000001364e-10
  }
}